{"train_img_loss": 0.020219462963336324, "train_label_loss": 0.7669539906031696, "val_img_loss": 0.0183383219409734, "val_label_loss": 0.7554336804896593, "train_losses": 0.7871734523181374, "val_losses": 0.7737720031291246, "train_accuracy": 0.9998333333333334, "val_accuracy": 1.0, "_timestamp": 1653538488, "_runtime": 620, "_step": 21}