{"train_img_loss": 0.023903140058437137, "train_label_loss": 1.3864609983795924, "val_img_loss": 0.02371504297479987, "val_label_loss": 1.3876553177833557, "train_losses": 1.4103641417009611, "val_losses": 1.4113703593611717, "train_accuracy": 0.25194444444444447, "val_accuracy": 0.375, "_timestamp": 1653538002, "_runtime": 134, "_step": 4}