{"train_img_loss": 0.022890962079061685, "train_label_loss": 0.7438232017324325, "val_img_loss": 0.024036285001784563, "val_label_loss": 0.7438205815851688, "train_losses": 0.7667141651853602, "val_losses": 0.7678568605333567, "train_accuracy": 1.0, "val_accuracy": 1.0, "_timestamp": 1653544612, "_runtime": 516, "_step": 19, "_wandb": {"runtime": 517}}