{"train_img_loss": [0.02589756509962868, 0.0290457366747742, 0.021418859006453912, 0.019266049998501938, 0.01877869807632891, 0.01801777580184928, 0.01743722931607395, 0.01713004500228674, 0.01693762478200679, 0.01677903472544982, 0.01665967814492207, 0.01655703413808811, 0.016469901899893023, 0.01640134007861534, 0.016356646195582466, 0.016314081266416727, 0.016258164520329195, 0.020152787268425978, 0.028792332104863004, 0.023518998268331197], "train_label_loss": [0.940612404481739, 0.7532278295104385, 0.7439233282356398, 0.7438280891019402, 0.7437087766667629, 0.7437630179503285, 0.7436828879599876, 0.7436851112977833, 0.7436876051814844, 0.7436889511473636, 0.7436902985927907, 0.7436909121824494, 0.7436913904991556, 0.7436912922149009, 0.7436915139357249, 0.7436914133264664, 0.7436913926127955, 0.791091503615075, 1.492283154463937, 1.492283154463937], "val_img_loss": [0.02486883505480364, 0.02549723646370694, 0.019222955219447613, 0.02200203516986221, 0.017650376656092703, 0.017363262712024152, 0.017280517728067935, 0.017011498246574774, 0.01704632572364062, 0.01672520229476504, 0.016462638042867184, 0.01632518001133576, 0.01616381897474639, 0.016135418380144984, 0.01602506361086853, 0.015974336740328, 0.01600264251464978, 0.08073168573901057, 0.024442655383609235, 0.02208116342080757], "val_label_loss": [0.7729977052658796, 0.7451460938900709, 0.7436929550021887, 0.7444448489695787, 0.7436922006309032, 0.743682162836194, 0.7436820399016142, 0.7436856627464294, 0.7436884753406048, 0.7436911705881357, 0.7436936497688293, 0.7436976563185453, 0.7436983548104763, 0.7436977978795767, 0.7437019422650337, 0.7437013294547796, 0.7436989862471819, 1.510269921272993, 1.510269921272993, 1.510269921272993], "train_losses": [0.9665099674082817, 0.7822735660465051, 0.765342188219652, 0.7630941381691195, 0.762487475542312, 0.7617807929397474, 0.761120118147938, 0.7608151581693203, 0.7606252286028354, 0.7604679864771823, 0.7603499762555386, 0.7602479453627945, 0.7601612924684024, 0.7600926325676289, 0.760048158202611, 0.7600054943815191, 0.7599495581701292, 0.8112442922507618, 1.5210754867141127, 1.51580215176792], "val_losses": [0.7978665418922901, 0.7706433329731226, 0.7629159111529589, 0.7664468828588724, 0.7613425813615322, 0.7610454205423594, 0.760962562635541, 0.7606971599161625, 0.760734798386693, 0.7604163736104965, 0.7601562831550837, 0.7600228358060122, 0.7598621714860201, 0.7598332166671753, 0.7597270105034113, 0.7596756666898727, 0.7597016282379627, 1.591001607477665, 1.534712579101324, 1.5323510766029358], "train_accuracy": [0.8408333333333333, 0.9968333333333333, 0.9998333333333334, 0.9998888888888889, 1.0, 0.9999444444444444, 1.0, 1.0, 1.0, 1.0, 1.0, 1.0, 1.0, 1.0, 1.0, 1.0, 1.0, 0.9546666666666667, 0.25155555555555553, 0.25155555555555553], "val_accuracy": [1.0, 1.0, 1.0, 1.0, 1.0, 1.0, 1.0, 1.0, 1.0, 1.0, 1.0, 1.0, 1.0, 1.0, 1.0, 1.0, 1.0, 0.125, 0.125, 0.125], "_timestamp": 1653537720, "_runtime": 1052, "_step": 1}