{"train_img_loss": 0.01588119680048726, "train_label_loss": 1.3938935902101774, "val_img_loss": 0.016013336047763005, "val_label_loss": 1.3937075734138489, "train_losses": 1.409774789573453, "val_losses": 1.4097209088504314, "train_accuracy": 0.2501111111111111, "val_accuracy": 0.3125, "_timestamp": 1653541041, "_runtime": 528, "_step": 19, "_wandb": {"runtime": 529}}