{"train_img_loss": 0.022113429276761434, "train_label_loss": 1.3938935902101774, "val_img_loss": 0.021046198264230043, "val_label_loss": 1.3937075734138489, "train_losses": 1.4160070195265695, "val_losses": 1.4147537723183632, "train_accuracy": 0.2501111111111111, "val_accuracy": 0.3125, "_timestamp": 1653540648, "_runtime": 135, "_step": 4}